{
  "name": "group-initiative",
  "title": "Group Initiative",
  "description": "Roll group initiative from the Combat tracker.",
  "author": "VTT Lair, thorni",
  "authors": [
    {
      "name": "VTT Lair",
      "url": "https://github.com/vtt-lair"
    }
  ],
  "version": "2.0.3",
  "minimumCoreVersion": "0.8.6",
  "compatibleCoreVersion": "0.8.9",
  "scripts": [],
  "esmodules": ["group-initiative.js"],
  "dependencies": [
    {
        "name": "lib-wrapper", "type": "module"
    }
  ],
  "url": "https://github.com/vtt-lair/foundry-group-initiative",
  "manifest": "https://github.com/vtt-lair/foundry-group-initiative/releases/latest/download/module.json",
  "download": "https://github.com/vtt-lair/foundry-group-initiative/releases/download/2.0.3/group-initiative-v2.0.3.zip",
  "changelog": "https://github.com/tonifisler/foundry-group-initiative/blob/master/CHANGELOG.md",
  "readme": "https://github.com/tonifisler/foundry-group-initiative/blob/master/README.md",
  "languages": [
    {
      "lang": "en",
      "name": "English",
      "path": "lang/en.json"
    },
    {
      "lang": "fr",
      "name": "French",
      "path": "lang/fr.json"
    },
    {
      "lang": "ko",
      "name": "Korean",
      "path": "lang/ko.json"
    }
  ]
}
